{
    "IDM_RMSE_v": [
        34.14828662626798,
        1.017438476913645,
        2.0864858341642254,
        0.7426109882293591,
        3.312611258239763,
        1.0
    ],
    "IDM_RMSE_s": [
        34.33229236981562,
        1.4035660292431589,
        1.5441303102564532,
        0.2941837321627761,
        3.01474382196376,
        10.0
    ],
    "IDM_RMSE_a": [
        45.47855179080171,
        1.4742829902923025,
        1.043604161790688,
        1.411003819634298,
        0.5,
        10.0
    ],
    "SIDM_RMSE_v": [
        42.33509644060983,
        1.3167012201212562,
        1.9745218968210674,
        0.6428894421502251,
        3.189834676964657,
        1.432445946205843,
        0.03804921178152254
    ],
    "SIDM_RMSE_s": [
        49.415294999657895,
        1.3606871271450571,
        1.5626445037140746,
        0.37575804404637925,
        3.303136462190684,
        5.586280635306776,
        0.6146093473239393
    ],
    "SIDM_RMSE_a": [
        31.35542241612366,
        1.5284539420539682,
        1.1021936988899947,
        1.629660482655992,
        0.5047266177258756,
        4.301823607419306,
        0.026333837700496576
    ],
    "VAN_AREM_RMSE_v": [
        0.1,
        0.5125477757435698,
        0.1,
        1.676570752539378,
        43.28442490325892,
        5.0,
        3.1251321311002824,
        0.24086332563876994,
        0.6767577939561038
    ],
    "VAN_AREM_RMSE_s": [
        0.1,
        0.6347419439554095,
        0.1,
        1.641528136281223,
        37.80827501446039,
        5.0,
        5.433687826839898,
        0.19378976194532788,
        3.4587080431836488
    ],
    "VAN_AREM_RMSE_a": [
        0.1,
        0.43977975098010597,
        0.1,
        1.5216615611349646,
        41.06641063986139,
        3.9261257769504097,
        7.334971301818486,
        0.8634029121708634,
        0.6856070374614314
    ],
    "FVDM_CTH_RMSE_v": [
        0.1,
        0.5464657155049841,
        3.5639492642931225,
        1.3704726875888449,
        35.66928550081445
    ],
    "FVDM_CTH_RMSE_s": [
        0.1,
        0.5876295429517775,
        3.7086529915427713,
        1.3812894556721793,
        36.65398360588421
    ],
    "FVDM_CTH_RMSE_a": [
        0.1,
        0.4499653179382155,
        3.572387081714444,
        1.1503803814700329,
        19.229425800443995
    ],
    "FVDM_SIGMOID_RMSE_v": [
        0.1,
        0.5512288809836365,
        0.3382550265730239,
        1.627584379682311,
        18.86553589368284
    ],
    "FVDM_SIGMOID_RMSE_s": [
        0.1,
        0.586510305620735,
        0.1,
        1.6815006236650898,
        21.319047505473986
    ],
    "FVDM_SIGMOID_RMSE_a": [
        0.1,
        0.45470299015501436,
        0.27898009538588564,
        1.502203566113385,
        17.737506820941704
    ],
    "GIPPS_RMSE_v": [
        2.6137457307893,
        2.1312108765027014,
        1.3538338570729764,
        0.3,
        3.6191968930528016,
        41.4115300453888,
        2.0
    ],
    "GIPPS_RMSE_s": [
        2.2077581907837422,
        2.3252200707902624,
        1.1723230631014305,
        0.6656836882293353,
        3.6468759407202858,
        30.527810856261567,
        2.0
    ],
    "GIPPS_RMSE_a": [
        2.1671156032582957,
        2.698917730118166,
        1.5,
        0.9471307437767172,
        2.1490623705123815,
        27.532080991361138,
        2.0
    ]
}